{
    "name": "maqueen",
    "version": "1.7.16",
    "description": "Affordable mini robot designed by DFRobot",
    "license": "MIT",
    "dependencies": {
        "core": "*",
        "ir": "github:dfrobot/pxt-dfrobot_newir#v0.0.2"
    },
    "files": [
        "maqueen.ts",
        "enums.d.ts",
        "_locales/zh-cn/maqueen-strings.json",
        "_locales/zh-tw/maqueen-strings.json",
        "_locales/pt/maqueen-strings.json",
        "_locales/fr/maqueen-strings.json",
        "_locales/es/maqueen-strings.json",
        "_locales/nb/maqueen-strings.json",
        "_locales/cs/maqueen-strings.json",
        "shims.d.ts",
        "README.md",
        "_locales/ru/maqueen-strings.json",
        "_locales/ru/maqueen-jsdoc-strings.json",
        "_locales/ja/maqueen-strings.json",
        "_locales/ja/maqueen-jsdoc-strings.json",
        "_locales/zh-cn/maqueen-jsdoc-strings.json",
        "_locales/zh-tw/maqueen-jsdoc-strings.json",
        "_locales/pt/maqueen-jsdoc-strings.json",
        "_locales/fr/maqueen-jsdoc-strings.json",
        "_locales/es/maqueen-jsdoc-strings.json",
        "_locales/nb/maqueen-jsdoc-strings.json",
        "_locales/cs/maqueen-jsdoc-strings.json",
        "_locales/ko/maqueen-strings.json",
        "_locales/ko/maqueen-jsdoc-strings.json",
        "_locales/zh-CN/README.md"
    ],
    "testFiles": [
        "test.ts"
    ],
    "public": true,
    "targetVersions": {
        "target": "7.0.61",
        "targetId": "microbit"
    },
    "supportedTargets": [
        "microbit"
    ],
    "preferredEditor": "tsprj"
}
